Neighborhood,Year,Median Rent,Median Income,RTI (%)
Riverdale,2005,1102.14859,66429.87643,19.909389857042072
Williamsbridge,2005,1067.79234,54603.07992,23.466639791699134
Throgs Neck,2005,1003.20259,60436.77167,19.91905051734541
Pelham Parkway,2005,1071.91509,55273.71398,23.271425337284708
Morrisania,2005,770.95432,25750.6987,35.92699346833646
East Tremont,2005,770.95432,25750.6987,35.92699346833646
Bedford Park,2005,1019.69359,40150.09143,30.47645134590419
University Heights,2005,930.36733,26635.71578,41.91517904836271
Concourse/Highbridge,2005,889.13983,28529.43244,37.39884409701912
Unionport/Soundview,2005,1007.32534,46589.82748,25.945372056140524
Mott Haven,2005,629.40655,19097.95388,39.54810367360673
Hunts Point,2005,629.40655,19097.95388,39.54810367360673
Washington Heights,2005,983.96308,43661.30048,27.04353015185314
Manhattanville,2005,902.88233,38429.53029,28.193391587769
Central Harlem,2005,831.42132,36766.68764,27.13612914410476
East Harlem,2005,787.44532,37012.67842,25.53001901881815
Upper East Side,2005,2049.00693,113805.77498,21.60530356594036
Upper West Side,2005,1535.03738,115581.30614,15.937221316471273
Chelsea/Clinton,2005,1899.21366,97000.0703,23.495409693532974
Midtown Business District,2005,1899.21366,97000.0703,23.495409693532974
Murray Hill/Stuyvesant,2005,2016.02492,118368.28537,20.43815956645719
Lower East Side,2005,871.27457,44050.21327,23.734947152050417
Battery Park/Tribeca,2005,2336.2252,127748.91668,21.945158619406932
Greenwich Village,2005,2336.2252,127748.91668,21.945158619406932
Tottenville,2005,1227.20535,110392.13769,13.340138625953985
South Beach,2005,1231.32811,81767.88199,18.070588304839617
St. George,2005,1137.8791,71133.93458,19.195548904501496
Williamsburg/Greenpoint,2005,1004.57684,41852.78733,28.80315230847016
Bushwick,2005,934.49008,35065.366,31.979934160675803
Bedford Stuyvesant,2005,861.65482,42332.40062,24.425399194381907
Fort Greene/Brooklyn Hts,2005,1078.78634,70247.54326,18.42831148142276
Park Slope,2005,1683.45639,97361.49808,20.748937802293106
Crown Heights North,2005,1021.06784,41713.98807,29.373394026575987
Brownsville,2005,744.84356,30500.10711,29.305217479283797
East New York,2005,946.85833,42431.34663,26.778080033798823
Canarsie,2005,1221.70835,72139.88567,20.322322476450356
East Flatbush,2005,1135.1306,57445.02916,23.71235144134097
Crown Heights South,2005,1076.03784,51090.49662,25.273690674882303
Sunset Park,2005,1109.01984,52007.12145,25.589261064553686
Bay Ridge,2005,1184.6036,66792.67846,21.282636851452295
Borough Park,2005,1184.6036,44892.62859,31.66498297488086
Flatbush/Midwood,2005,1146.1246,51296.63414,26.811691313827012
Sheepshead Bay,2005,1155.74435,56546.26959,24.52669698736885
Bensonhurst,2005,1142.00185,55122.54646,24.86101074801471
Coney Island,2005,886.39133,34776.77347,30.585632014354896
Astoria,2005,1267.05861,51783.11868,29.362278108352825
Jackson Heights,2005,1328.89986,56549.01809,28.199956177170115
Flushing,2005,1383.86987,67537.52203,24.588462740198644
Bayside,2005,1546.03138,90953.36978,20.397679167770136
Queens Village,2005,1458.07937,92814.10444,18.851609403084815
Fresh Meadows/Briarwood,2005,1260.18736,65914.53264,22.942206694526597
Elmhurst/Corona,2005,1320.65436,56451.44633,28.07342123239449
Rego Park/Forest Hills,2005,1349.51362,71877.4039,22.53025646631625
Sunnyside/Woodside,2005,1302.78911,56550.39234,27.645200454147727
Ridgewood/Glendale,2005,1286.29811,66023.0984,23.379056260710115
Woodhaven,2005,1268.43286,63615.41219,23.926897265931238
Jamaica/St. Albans,2005,1132.3821,63776.19945,21.30667132439169
Howard Beach,2005,1420.97462,71078.96458,23.989791551912894
The Rockaways,2005,972.96908,61984.1773,18.836466770367217
Bronx,2005,950.98108,40166.58244,28.411112588547127
Brooklyn,2005,1082.90909,51303.50539,25.329475990412437
Manhattan,2005,1304.16336,76920.90183,20.34552371030099
Queens,2005,1294.54361,66091.8109,23.50446009643231
Staten Island,2005,1187.3521,86609.36516,16.451136864562145
New York City,2005,1135.1306,59689.17961,22.820831663295163
Riverdale,2006,1117.82389,65118.5392,20.599182421463162
Williamsbridge,2006,1091.33517,60422.08955,21.674228974095453
Throgs Neck,2006,1087.36186,68576.6413,19.02738610792827
Pelham Parkway,2006,1031.73556,55768.02184,22.200584334013023
Morrisania,2006,809.23033,24433.19322,39.74414589432858
East Tremont,2006,809.23033,24433.19322,39.74414589432858
Bedford Park,2006,1037.0333,37437.82918,33.24017410349219
University Heights,2006,950.94497,26974.78569,42.30372678819974
Concourse/Highbridge,2006,900.6164,32228.82285,33.53332776161261
Unionport/Soundview,2006,1025.11338,45865.21473,26.82067582680213
Mott Haven,2006,712.54651,23630.58507,36.18428445453636
Hunts Point,2006,712.54651,23630.58507,36.18428445453636
Washington Heights,2006,968.16263,43026.94862,27.001569789682193
Manhattanville,2006,932.40286,38093.42495,29.372088056366795
Central Harlem,2006,797.3104,35769.03997,26.74862061722816
East Harlem,2006,700.62658,35775.66215,23.50066624832547
Upper East Side,2006,2027.71134,127466.35852,19.089378846719097
Upper West Side,2006,1680.70914,120037.59764,16.80182715792645
Chelsea/Clinton,2006,1791.96175,96297.08439,22.330417515977295
Midtown Business District,2006,1791.96175,96297.08439,22.330417515977295
Murray Hill/Stuyvesant,2006,2018.44029,118820.44106,20.384778295654645
Lower East Side,2006,948.29609,48870.35975,23.28518377645051
Battery Park/Tribeca,2006,2239.62108,125650.55692,21.38904404308469
Greenwich Village,2006,2239.62108,125650.55692,21.38904404308469
Tottenville,2006,1190.66786,108515.00543,13.166855831027718
South Beach,2006,1219.80545,91439.05356,16.008111228311364
St. George,2006,1116.49945,77450.36173,17.298813202069727
Williamsburg/Greenpoint,2006,952.2694,42788.55016,26.706286511858764
Bushwick,2006,966.8382,36888.18829,31.45196047252122
Bedford Stuyvesant,2006,844.9901,36551.78158,27.741140819106413
Fort Greene/Brooklyn Hts,2006,1145.63704,72781.72523,18.888868650139308
Park Slope,2006,1658.19373,98279.76491,20.246614120640146
Crown Heights North,2006,1001.27353,51022.56807,23.54895650002511
Brownsville,2006,770.82169,30428.91448,30.39825914946671
East New York,2006,1060.87314,37172.94201,34.24662400026164
Canarsie,2006,1214.50771,78295.35183,18.614249989762136
East Flatbush,2006,1115.17502,54968.06257,24.345228145813472
Crown Heights South,2006,1060.87314,45230.80994,28.14558858638029
Sunset Park,2006,1156.23253,62072.33666,22.35261487899012
Bay Ridge,2006,1240.99643,72967.14626,20.409126467597172
Borough Park,2006,1149.61035,53030.41287,26.01398603819695
Flatbush/Midwood,2006,1107.2284,53136.36774,25.00498503212143
Sheepshead Bay,2006,1087.36186,56168.00148,23.23091791800031
Bensonhurst,2006,1180.07237,51274.21088,27.61791590150749
Coney Island,2006,872.80325,37061.68939,28.26001505162364
Astoria,2006,1266.16071,55775.96846,27.240994534942768
Jackson Heights,2006,1290.00055,63306.71091,24.452394347270946
Flushing,2006,1426.41745,67066.78439,25.52233502125716
Bayside,2006,1500.58586,89362.33809,20.150580999642685
Queens Village,2006,1418.47083,87469.71921,19.460048704550996
Fresh Meadows/Briarwood,2006,1319.13814,75047.83503,21.09275727097547
Elmhurst/Corona,2006,1332.3825,54862.1077,29.14322958102464
Rego Park/Forest Hills,2006,1414.49753,79578.7302,21.329782867030463
Sunnyside/Woodside,2006,1311.19153,59207.58184,26.574803211047676
Ridgewood/Glendale,2006,1264.83627,66853.55021,22.703409455926934
Woodhaven,2006,1335.03137,69826.90877,22.942983904341038
Jamaica/St. Albans,2006,1121.7972,64768.88812,20.784001070173073
Howard Beach,2006,1386.68437,74982.93768,22.19199854640851
The Rockaways,2006,997.30022,57706.99598,20.73856459994506
Bronx,2006,964.18932,41711.78379,27.73861673778109
Brooklyn,2006,1082.06412,53497.93874,24.271532223149723
Manhattan,2006,1337.68024,79488.66856,20.194278217005778
Queens,2006,1301.92048,67797.873,23.043563269307874
Staten Island,2006,1164.17914,90882.79048,15.371611727826867
New York City,2006,1139.01486,61559.77997,22.203098072574214
Riverdale,2007,1120.57641,65958.15778,20.38704137985705
Williamsbridge,2007,1137.32065,59863.25254,22.798373327410918
Throgs Neck,2007,1063.90358,68125.89352,18.740074148534998
Pelham Parkway,2007,1151.48886,57104.31614,24.197586546914206
Morrisania,2007,843.65235,26607.8936,38.04821363236359
East Tremont,2007,843.65235,26607.8936,38.04821363236359
Bedford Park,2007,1023.97499,38978.02673,31.524684317953415
University Heights,2007,949.2699,31061.86282,36.67274839893199
Concourse/Highbridge,2007,941.54179,31967.34008,35.343889894263604
Unionport/Soundview,2007,1008.51877,43231.065,27.994279669029666
Mott Haven,2007,708.41037,26825.56879,31.689633522958
Hunts Point,2007,708.41037,26825.56879,31.689633522958
Washington Heights,2007,1014.95886,45667.99669,26.669675052041352
Manhattanville,2007,1052.31141,53921.62154,23.418689125720235
Central Harlem,2007,829.48415,40226.117,24.744644878351046
East Harlem,2007,713.56245,39538.31493,21.656839486355924
Upper East Side,2007,2145.83942,132474.02773,19.437827535886605
Upper West Side,2007,1786.48216,111811.62918,19.173127229448
Chelsea/Clinton,2007,1751.70565,102253.24123,20.557263072686663
Midtown Business District,2007,1751.70565,102253.24123,20.557263072686663
Murray Hill/Stuyvesant,2007,2170.31178,124841.22797,20.86149085801883
Lower East Side,2007,878.42886,41265.54822,25.54466564651398
Battery Park/Tribeca,2007,2327.45008,135204.62771,20.657133881471637
Greenwich Village,2007,2327.45008,135204.62771,20.657133881471637
Tottenville,2007,1221.04188,100970.37444,14.511684879119679
South Beach,2007,1210.73773,88073.4416,16.496292748482762
St. George,2007,1170.80914,72123.90406,19.479962798896775
Williamsburg/Greenpoint,2007,1136.03263,52597.53815,25.918307281079468
Bushwick,2007,1023.97499,40612.52266,30.2559385017035
Bedford Stuyvesant,2007,941.54179,40385.83134,27.976399408198983
Fort Greene/Brooklyn Hts,2007,1297.03499,82492.45588,18.867688825559064
Park Slope,2007,1532.74244,98268.11088,18.717068146817724
Crown Heights North,2007,1004.65471,45750.42989,26.35135134027481
Brownsville,2007,784.40349,32581.72507,28.889943242038413
East New York,2007,1080.64782,41693.17049,31.102872934813835
Canarsie,2007,1288.01886,78650.29562,19.65183499713335
East Flatbush,2007,1112.84829,55490.42851,24.065735007963447
Crown Heights South,2007,1058.7515,50093.62949,25.362542361871093
Sunset Park,2007,1141.18471,49703.35977,27.55189303775309
Bay Ridge,2007,1223.61792,63406.59242,23.157552676444553
Borough Park,2007,1141.18471,48974.3411,27.962022994935197
Flatbush/Midwood,2007,1129.59254,53086.98532,25.533773293570782
Sheepshead Bay,2007,1125.72848,58342.10226,23.154362350192077
Bensonhurst,2007,1139.89669,53445.05456,25.594061775432493
Coney Island,2007,910.62933,40277.63776,27.13056814581174
Astoria,2007,1236.49811,59831.05207,24.79979342940543
Jackson Heights,2007,1335.67556,62646.66129,25.584933642039903
Flushing,2007,1405.22858,67405.89098,25.016719925864262
Bayside,2007,1490.23782,90288.83404,19.806273976334094
Queens Village,2007,1472.20556,96634.90296,18.281662400295122
Fresh Meadows/Briarwood,2007,1258.39443,71219.71482,21.203023907306346
Elmhurst/Corona,2007,1281.57877,57425.03284,26.780908045537306
Rego Park/Forest Hills,2007,1467.05348,81742.82891,21.536619168615946
Sunnyside/Woodside,2007,1378.18018,68620.49276,24.10090848202181
Ridgewood/Glendale,2007,1279.00273,65359.22901,23.48257926612283
Woodhaven,2007,1329.23546,67068.43004,23.78291173729106
Jamaica/St. Albans,2007,1125.72848,62416.10592,21.64303838069365
Howard Beach,2007,1354.99584,77104.67299,21.08815127470784
The Rockaways,2007,971.16622,54145.73682,21.52338360218846
Bronx,2007,984.04641,43993.57217,26.841550566454035
Brooklyn,2007,1102.54414,53331.7089,24.807998755127084
Manhattan,2007,1358.8599,82712.70711,19.71440588725279
Queens,2007,1297.03499,68485.25078,22.72667428786774
Staten Island,2007,1195.2815,86277.94331,16.624617427960338
New York City,2007,1156.64094,62637.64516,22.15870543112863
Riverdale,2008,1175.2519,70208.90398,20.08722825813866
Williamsbridge,2008,1145.49869,57640.65105,23.847725571448066
Throgs Neck,2008,1121.94406,72460.23041,18.580300730236115
Pelham Parkway,2008,1073.59509,54030.59457,23.84415937401742
Morrisania,2008,834.32967,26079.93066,38.38950406166455
East Tremont,2008,834.32967,26079.93066,38.38950406166455
Bedford Park,2008,1048.80075,38906.04477,32.34872389214083
University Heights,2008,958.30139,33409.13873,34.42057208638494
Concourse/Highbridge,2008,922.34959,30706.55524,36.04505615654985
Unionport/Soundview,2008,1030.20499,49758.52911,24.844906192203954
Mott Haven,2008,730.19343,23776.53611,36.85280782474752
Hunts Point,2008,730.19343,23776.53611,36.85280782474752
Washington Heights,2008,1021.52697,46959.24768,26.104173822232752
Manhattanville,2008,1113.26604,46579.89422,28.680169209710154
Central Harlem,2008,820.69278,41105.30308,23.95874162716428
East Harlem,2008,748.78919,37605.58144,23.89398045696059
Upper East Side,2008,2137.27245,136596.99957,18.77586585410823
Upper West Side,2008,1739.32323,127698.30953,16.344678983472836
Chelsea/Clinton,2008,1806.26796,98350.48434,22.038748121532635
Midtown Business District,2008,1806.26796,98350.48434,22.038748121532635
Murray Hill/Stuyvesant,2008,2160.82707,133682.42444,19.396659619707897
Lower East Side,2008,887.63751,45296.78692,23.515244334685807
Battery Park/Tribeca,2008,2325.70946,131052.98427,21.295595575680974
Greenwich Village,2008,2325.70946,131052.98427,21.295595575680974
Tottenville,2008,1186.40936,112550.20511,12.649388160675207
South Beach,2008,1151.69728,93523.02558,14.777502411080572
St. George,2008,1155.41643,68944.39244,20.110405892787064
Williamsburg/Greenpoint,2008,1078.55396,51135.85492,25.310318054226833
Bushwick,2008,1085.99226,44684.36663,29.164354567019185
Bedford Stuyvesant,2008,989.29432,47851.84406,24.808932807510278
Fort Greene/Brooklyn Hts,2008,1234.75833,77086.85499,19.22130558046781
Park Slope,2008,1699.65228,100818.76128,20.230190394182156
Crown Heights North,2008,1063.67735,48420.87426,26.36079665034945
Brownsville,2008,802.09703,33900.06674,28.392759323517485
East New York,2008,1094.67028,44607.50416,29.448057243649206
Canarsie,2008,1244.67607,77388.10627,19.30026920143164
East Flatbush,2008,1152.93699,54029.35485,25.606901874750033
Crown Heights South,2008,1064.91707,46284.84153,27.609481673858937
Sunset Park,2008,1180.21077,54431.02322,26.019222866264535
Bay Ridge,2008,1223.60087,67984.85133,21.597767962641214
Borough Park,2008,1213.68314,49759.76883,29.269021987938366
Flatbush/Midwood,2008,1139.3001,51326.77137,26.636394293039277
Sheepshead Bay,2008,1085.99226,57521.6382,22.655660596258887
Bensonhurst,2008,1095.91,47922.50794,27.442052941939583
Coney Island,2008,865.3226,40282.13086,25.777859756448844
Astoria,2008,1309.14136,64545.87583,24.338807271553605
Jackson Heights,2008,1314.10023,59476.67221,26.513256666953662
Flushing,2008,1405.8393,69682.02417,24.21007684685346
Bayside,2008,1509.97555,91736.5931,19.75188524850505
Queens Village,2008,1390.96269,92852.33858,17.976447912099538
Fresh Meadows/Briarwood,2008,1321.53853,75010.32868,21.141704934601012
Elmhurst/Corona,2008,1317.81938,51894.56184,30.47300526162415
Rego Park/Forest Hills,2008,1464.10601,82437.47441,21.312239664960888
Sunnyside/Woodside,2008,1309.14136,67338.95867,23.329283122696676
Ridgewood/Glendale,2008,1266.99097,66725.29866,22.785797808821677
Woodhaven,2008,1327.73712,64698.36105,24.626350932888123
Jamaica/St. Albans,2008,1149.21784,64827.29163,21.2728524256567
Howard Beach,2008,1363.68892,71731.2767,22.813293995086525
The Rockaways,2008,1028.96527,57231.54437,21.5747860308876
Bronx,2008,999.21206,43431.01254,27.60825506648434
Brooklyn,2008,1110.78661,53776.45255,24.78675830765635
Manhattan,2008,1378.56552,85561.56174,19.334366862387757
Queens,2008,1309.14136,69466.31338,22.614841000793582
Staten Island,2008,1162.85473,91592.7859,15.235104624107738
New York City,2008,1164.09445,63369.38421,22.043978451341182
Riverdale,2009,1195.99538,64252.9698,22.33662444657928
Williamsbridge,2009,1172.54449,56979.49116,24.694032174646047
Throgs Neck,2009,1100.95757,57284.35273,23.06300099482681
Pelham Parkway,2009,1146.62509,59097.4768,23.2827217421912
Morrisania,2009,897.3051,28921.11853,37.23113678618847
East Tremont,2009,897.3051,28921.11853,37.23113678618847
Bedford Park,2009,1061.46133,36319.25716,35.071025555083246
University Heights,2009,1003.45124,29910.99294,40.25748962648781
Concourse/Highbridge,2009,963.955,36350.1136,31.82234896784477
Unionport/Soundview,2009,1046.65024,41580.8963,30.20570501747457
Mott Haven,2009,771.41085,23743.40889,38.98736800130977
Hunts Point,2009,771.41085,23743.40889,38.98736800130977
Washington Heights,2009,1078.74094,45781.07411,28.27563907499592
Manhattanville,2009,1171.31024,47659.61382,29.491894191768758
Central Harlem,2009,820.78115,38847.01624,25.354260772950425
East Harlem,2009,835.59223,34525.88122,29.042290611228598
Upper East Side,2009,2105.64306,121965.60984,20.717083080343162
Upper West Side,2009,2018.01079,130542.46426,18.550384824794637
Chelsea/Clinton,2009,2004.43396,100921.5218,23.833575922157767
Midtown Business District,2009,2004.43396,100921.5218,23.833575922157767
Murray Hill/Stuyvesant,2009,2282.14186,121822.43599,22.48001535796576
Lower East Side,2009,1013.3253,50918.05325,23.88132071801076
Battery Park/Tribeca,2009,2425.31572,125639.99401,23.164430139724104
Greenwich Village,2009,2425.31572,125639.99401,23.164430139724104
Tottenville,2009,1233.02311,94985.97814,15.577327948543878
South Beach,2009,1233.02311,86406.65521,17.124001946423682
St. George,2009,1097.2548,69317.12777,18.995388331278516
Williamsburg/Greenpoint,2009,1183.65281,48422.38487,29.333197359306357
Bushwick,2009,1166.37321,39224.699,35.68281943986364
Bedford Stuyvesant,2009,1014.55955,37223.96781,32.70665465364316
Fort Greene/Brooklyn Hts,2009,1340.4035,81653.53011,19.69889357916457
Park Slope,2009,1932.84703,111405.30384,20.81962308842261
Crown Heights North,2009,1076.27242,47432.51046,27.228727543087754
Brownsville,2009,881.25976,31896.91303,33.15404569104787
East New York,2009,1098.48905,41162.48306,32.02398791342496
Canarsie,2009,1298.43875,78786.35025,19.776604640979674
East Flatbush,2009,1160.20192,59057.98056,23.574160355611046
Crown Heights South,2009,1078.74094,46305.63349,27.955327039841777
Sunset Park,2009,1228.08608,48312.53596,30.50353840295491
Bay Ridge,2009,1335.46647,65342.81906,24.52541514207514
Borough Park,2009,1209.57222,50574.92971,28.699726768241117
Flatbush/Midwood,2009,1149.0936,49829.43826,27.672644287200516
Sheepshead Bay,2009,1166.37321,60710.65117,23.054403552364338
Bensonhurst,2009,1081.20945,47610.24352,27.251516566071952
Coney Island,2009,970.12629,40228.15023,28.938729256604944
Astoria,2009,1365.08864,58546.99802,27.979340075479413
Jackson Heights,2009,1374.9627,63669.16607,25.914509987235963
Flushing,2009,1444.08111,64567.70543,26.83845306968035
Bayside,2009,1534.1819,88954.16241,20.69625782675053
Queens Village,2009,1461.36072,88829.50242,19.741559011650715
Fresh Meadows/Briarwood,2009,1404.58488,65722.97032,25.645552046619674
Elmhurst/Corona,2009,1383.6025,53443.34382,31.066974506536404
Rego Park/Forest Hills,2009,1471.23478,81943.58059,21.545088990356508
Sunnyside/Woodside,2009,1403.35062,68035.96862,24.751918406655292
Ridgewood/Glendale,2009,1330.52944,64826.89948,24.629210108877476
Woodhaven,2009,1374.9627,64434.40564,25.60674260298803
Jamaica/St. Albans,2009,1209.57222,66969.57026,21.673823773466157
Howard Beach,2009,1416.92745,76575.79532,22.204313163116616
The Rockaways,2009,1079.97519,63743.22151,20.33110654435137
Bronx,2009,1020.73084,40598.42744,30.170553029676654
Brooklyn,2009,1152.79638,53277.95333,25.964879833720143
Manhattan,2009,1508.2625,84800.88638,21.34311417323655
Queens,2009,1366.3229,68032.26585,24.100145122536734
Staten Island,2009,1182.41855,81821.38911,17.341458944096384
New York City,2009,1218.21202,61753.59864,23.672376285664832
Riverdale,2010,1236.618,60728.98701,24.435474277804854
Williamsbridge,2010,1124.97044,53365.1028,25.296766185560504
Throgs Neck,2010,1154.09589,57314.02818,24.163631696773194
Pelham Parkway,2010,1135.89249,52928.22108,25.75319858076741
Morrisania,2010,871.33633,24970.21775,41.87402795075745
East Tremont,2010,871.33633,24970.21775,41.87402795075745
Bedford Park,2010,1103.12636,33027.04491,40.08083785901147
University Heights,2010,1048.51614,31130.25008,40.41790106942822
Concourse/Highbridge,2010,1001.18729,32439.6817,37.035651555113745
Unionport/Soundview,2010,1083.70939,47679.57257,27.274809691105418
Mott Haven,2010,728.13621,25295.45192,34.54231435608999
Hunts Point,2010,728.13621,25295.45192,34.54231435608999
Washington Heights,2010,1088.56363,49963.49315,26.14461627169076
Manhattanville,2010,1095.845,45226.9671,29.075882914996527
Central Harlem,2010,860.41429,42881.15495,24.07810958459271
East Harlem,2010,873.76345,37103.39412,28.259305243312337
Upper East Side,2010,2073.97464,115867.10148,21.479518657240167
Upper West Side,2010,1743.88622,109221.64501,19.159787089897815
Chelsea/Clinton,2010,1898.00839,94469.6054,24.109448307275347
Midtown Business District,2010,1898.00839,94469.6054,24.109448307275347
Murray Hill/Stuyvesant,2010,2260.86293,110579.61904,24.53467953275018
Lower East Side,2010,1060.65175,51350.59262,24.786122906481854
Battery Park/Tribeca,2010,2427.1207,123927.56932,23.501992784828712
Greenwich Village,2010,2427.1207,123927.56932,23.501992784828712
Tottenville,2010,1274.23837,99116.32798,15.427186167636716
South Beach,2010,1143.17385,83415.28418,16.44553073798567
St. George,2010,1249.96716,72012.67113,20.829120326507734
Williamsburg/Greenpoint,2010,1182.00778,50821.48031,27.909642288024884
Bushwick,2010,1202.63831,44962.41095,32.09716608846573
Bedford Stuyvesant,2010,1055.7975,44883.52952,28.227659757360367
Fort Greene/Brooklyn Hts,2010,1594.6183,87123.9246,21.963449979846295
Park Slope,2010,1902.86263,100653.90894,22.68600574033504
Crown Heights North,2010,1155.30945,46808.23624,29.618106798377415
Brownsville,2010,890.7533,31840.18289,33.57091143894494
East New York,2010,1144.38741,38306.03243,35.849833691586
Canarsie,2010,1236.618,71386.47399,20.787433768025497
East Flatbush,2010,1173.51286,52583.56994,26.780521626942246
Crown Heights South,2010,1100.69924,47078.86019,28.05588501228326
Sunset Park,2010,1291.22821,49030.26524,31.60239587559694
Bay Ridge,2010,1319.1401,58696.27342,26.968801045904627
Borough Park,2010,1337.34351,43858.07103,36.591034997920204
Flatbush/Midwood,2010,1179.58066,52268.04425,27.08149524840888
Sheepshead Bay,2010,1149.24165,56974.23128,24.205503944800217
Bensonhurst,2010,1123.75688,46411.402,29.055538033520296
Coney Island,2010,956.28556,35334.02313,32.47698875890785
Astoria,2010,1415.01137,56460.89526,30.07415373384924
Jackson Heights,2010,1356.76047,54470.65628,29.889718156338684
Flushing,2010,1451.41818,63227.70776,27.54649627045091
Bayside,2010,1497.53347,85548.72327,21.0060430513775
Queens Village,2010,1474.47582,92317.9629,19.16605315388735
Fresh Meadows/Briarwood,2010,1366.46895,67031.0059,24.462750006262397
Elmhurst/Corona,2010,1388.31304,50106.69327,33.24856499755207
Rego Park/Forest Hills,2010,1473.26226,66913.29055,26.4209800096283
Sunnyside/Woodside,2010,1428.36053,63340.56888,27.060581651031107
Ridgewood/Glendale,2010,1376.17744,64634.22421,25.55013150052629
Woodhaven,2010,1366.46895,69357.40109,23.6422171856209
Jamaica/St. Albans,2010,1206.27899,60395.25791,23.96768948577208
Howard Beach,2010,1389.5266,68330.72903,24.402372748985723
The Rockaways,2010,1064.29243,58158.66619,21.959769707022573
Bronx,2010,1044.87546,39523.23346,31.724392015369276
Brooklyn,2010,1186.86202,51143.07381,27.84804115003193
Manhattan,2010,1467.19446,77463.98422,22.728412045005967
Queens,2010,1379.81812,64384.23078,25.717193852292535
Staten Island,2010,1231.76375,85628.81825,17.26190469760454
New York City,2010,1240.25868,59152.57211,25.160535931258256
Riverdale,2011,1234.2621,65039.47657,22.772546737917267
Williamsbridge,2011,1169.36304,51017.73996,27.50485711637156
Throgs Neck,2011,1159.92317,63053.56538,22.07500552286771
Pelham Parkway,2011,1167.00307,48078.4026,29.127500255176948
Morrisania,2011,879.08725,26396.21711,39.96423789075283
East Tremont,2011,879.08725,26396.21711,39.96423789075283
Bedford Park,2011,1120.98374,36161.75546,37.19898193238874
University Heights,2011,986.46569,30621.73582,38.65746981027935
Concourse/Highbridge,2011,998.26552,26961.42891,44.43082849943802
Unionport/Soundview,2011,1119.80376,42282.32667,31.78076084808793
Mott Haven,2011,776.42874,24951.91806,37.34039546617524
Hunts Point,2011,776.42874,24951.91806,37.34039546617524
Washington Heights,2011,1129.24362,44344.93675,30.557994741079426
Manhattanville,2011,1129.24362,46592.80415,29.083725882594248
Central Harlem,2011,897.96697,41712.39494,25.83309746539334
East Harlem,2011,857.84756,36461.47111,28.233009822735045
Upper East Side,2011,2147.56885,124154.25908,20.75710200436565
Upper West Side,2011,2083.84977,108747.22257,22.994791636083985
Chelsea/Clinton,2011,2073.22993,97973.97884,25.393231401400136
Midtown Business District,2011,2073.22993,97973.97884,25.393231401400136
Murray Hill/Stuyvesant,2011,2330.4662,119824.90188,23.33871671182878
Lower East Side,2011,968.76595,46210.48969,25.157040052998408
Battery Park/Tribeca,2011,2359.96577,141439.82835,20.022358320403036
Greenwich Village,2011,2359.96577,141439.82835,20.022358320403036
Tottenville,2011,1216.56235,95958.56807,15.21359529807748
South Beach,2011,1152.84328,83847.22375,16.49919787594637
St. George,2011,1161.10316,63962.1522,21.78356643852894
Williamsburg/Greenpoint,2011,1336.92061,55462.73549,28.925813301964848
Bushwick,2011,1222.46227,40286.97562,36.41262967557554
Bedford Stuyvesant,2011,966.40598,38153.56656,30.395249528672114
Fort Greene/Brooklyn Hts,2011,1523.3579,73212.03802,24.968974084570906
Park Slope,2011,1931.63198,103004.24587,22.503522611344177
Crown Heights North,2011,1123.34371,47802.2866,28.199748335888188
Brownsville,2011,873.18733,30403.43898,34.464022201214824
East New York,2011,1151.66329,35230.74896,39.22698179278219
Canarsie,2011,1268.4816,70345.8596,21.63848631114034
East Flatbush,2011,1165.82309,52661.45612,26.565686007848278
Crown Heights South,2011,1105.64396,44185.63907,30.02723916469995
Sunset Park,2011,1233.08211,50201.19181,29.47536659289524
Bay Ridge,2011,1322.76081,66717.41223,23.791584819386213
Borough Park,2011,1267.30162,40560.73165,37.49345443575103
Flatbush/Midwood,2011,1228.36218,47753.90731,30.867309065018162
Sheepshead Bay,2011,1185.8828,56178.9851,25.3308128914561
Bensonhurst,2011,1207.12249,52466.75894,27.60885210494003
Coney Island,2011,982.92574,33164.59893,35.56535963210577
Astoria,2011,1393.55979,55124.0804,30.336501504703563
Jackson Heights,2011,1331.02069,55009.62206,29.035371780192882
Flushing,2011,1417.15944,58562.55052,29.038887700412268
Bayside,2011,1722.77501,90891.72157,22.74497584917953
Queens Village,2011,1545.77758,88927.05007,20.859042265990684
Fresh Meadows/Briarwood,2011,1345.18049,62822.28873,25.69496623941291
Elmhurst/Corona,2011,1366.42018,53855.5988,30.446309251694736
Rego Park/Forest Hills,2011,1538.69768,77763.23201,23.74434765986265
Sunnyside/Woodside,2011,1434.85919,59123.04239,29.122842100074813
Ridgewood/Glendale,2011,1328.66073,61849.98284,25.77838833237096
Woodhaven,2011,1385.29991,64727.96109,25.6822532952737
Jamaica/St. Albans,2011,1231.90213,59023.92383,25.045480884289084
Howard Beach,2011,1354.62035,69071.47808,23.53423533397187
The Rockaways,2011,1089.1242,49871.97658,26.20608064137008
Bronx,2011,1056.08468,37827.89129,33.501777994561856
Brooklyn,2011,1203.58254,50446.62825,28.630239484836135
Manhattan,2011,1539.87766,78231.68521,23.620265715096693
Queens,2011,1371.14011,63214.04305,26.02852234429261
Staten Island,2011,1169.36304,83280.83197,16.84944320087344
New York City,2011,1254.32181,58363.13341,25.790016471975434
Riverdale,2012,1237.08136,63599.17444,23.341460719753325
Williamsbridge,2012,1187.32037,47888.58832,29.75206607635495
Throgs Neck,2012,1094.74179,59404.20724,22.11442941562265
Pelham Parkway,2012,1187.32037,49347.85829,28.872265045973084
Morrisania,2012,867.92425,23823.942,43.71690881383106
East Tremont,2012,867.92425,23823.942,43.71690881383106
Bedford Park,2012,1106.31411,35325.67413,37.58107848457357
University Heights,2012,1046.13803,24991.58942,50.23152449020988
Concourse/Highbridge,2012,1004.47766,31193.19748,38.642181288816055
Unionport/Soundview,2012,1082.01223,39092.46537,33.21393684718637
Mott Haven,2012,777.66013,22128.59663,42.17132119146048
Hunts Point,2012,777.66013,22128.59663,42.17132119146048
Washington Heights,2012,1105.15688,41964.71602,31.602459918183428
Manhattanville,2012,1156.0751,46764.91572,29.665190210247644
Central Harlem,2012,943.14435,42633.5963,26.546510691616227
East Harlem,2012,961.66007,35892.71798,32.151147891419726
Upper East Side,2012,2165.18169,114942.10127,22.604580908928774
Upper West Side,2012,1843.4711,106254.75816,20.81944713166528
Chelsea/Clinton,2012,2265.8609,99841.37658,27.233529555968396
Midtown Business District,2012,2265.8609,99841.37658,27.233529555968396
Murray Hill/Stuyvesant,2012,2301.73511,106962.98435,25.822784852019698
Lower East Side,2012,1144.50278,47245.16714,29.06971059982158
Battery Park/Tribeca,2012,2314.46466,119049.11881,23.329509867541372
Greenwich Village,2012,2314.46466,119049.11881,23.329509867541372
Tottenville,2012,1240.55306,94964.79954,15.675952344562806
South Beach,2012,1099.37071,82507.1935,15.989452507556203
St. George,2012,1114.41473,65242.44435,20.49735703993439
Williamsburg/Greenpoint,2012,1415.29514,58206.47178,29.178098518308783
Bushwick,2012,1227.8235,40534.37685,36.349102033870295
Bedford Stuyvesant,2012,1094.74179,44092.86627,29.79371175272884
Fort Greene/Brooklyn Hts,2012,1695.34536,87649.93398,23.210678429766
Park Slope,2012,1883.97423,100847.01148,22.417809341314555
Crown Heights North,2012,1121.35813,48256.5882,27.8848921192485
Brownsville,2012,991.74811,32820.26614,36.26106281172283
East New York,2012,1079.69776,38979.0566,33.23931939389215
Canarsie,2012,1283.37065,71183.67514,21.634802881013485
East Flatbush,2012,1171.11912,56264.63593,24.977375588965266
Crown Heights South,2012,1179.21975,44670.32521,31.677935930567624
Sunset Park,2012,1305.35807,47932.56315,32.67986481544958
Bay Ridge,2012,1326.18825,60643.60307,26.242271557694895
Borough Park,2012,1307.67253,43760.74059,35.85878609098741
Flatbush/Midwood,2012,1237.08136,47526.3746,31.235238212341986
Sheepshead Bay,2012,1226.66627,54785.69301,26.868319868315194
Bensonhurst,2012,1250.96815,57883.60396,25.93414503073039
Coney Island,2012,943.14435,34664.89447,32.64897347313344
Astoria,2012,1437.28255,60009.43975,28.74112918209672
Jackson Heights,2012,1373.63478,49896.38641,33.03569365635751
Flushing,2012,1401.40835,60547.55279,27.77469843963284
Bayside,2012,1668.72902,83439.92276,23.999001410389127
Queens Village,2012,1416.45237,84476.80292,20.120823530806035
Fresh Meadows/Briarwood,2012,1375.94924,74194.79366,22.25410984450469
Elmhurst/Corona,2012,1373.63478,48217.2423,34.18614705802037
Rego Park/Forest Hills,2012,1509.03096,73106.99527,24.769683739732233
Sunnyside/Woodside,2012,1493.98694,57683.40277,31.07972556938669
Ridgewood/Glendale,2012,1303.0436,58866.09421,26.56286850664489
Woodhaven,2012,1418.76684,64395.35029,26.438558068755246
Jamaica/St. Albans,2012,1240.55306,58697.13829,25.361775980373775
Howard Beach,2012,1390.99326,69284.65688,24.091797335317914
The Rockaways,2012,1064.65374,56629.16411,22.560539398362668
Bronx,2012,1053.08142,37563.76146,33.64140477107587
Brooklyn,2012,1226.66627,52341.61833,28.12292724155822
Manhattan,2012,1574.9932,77649.13217,24.34015406459629
Queens,2012,1373.63478,63315.65252,26.03403219258175
Staten Island,2012,1136.40215,82120.6779,16.60583685951282
New York City,2012,1266.01217,58897.33948,25.794282346418818
Riverdale,2013,1297.44005,68985.115,22.56904348133651
Williamsbridge,2013,1223.4632,51935.15942,28.269015757264036
Throgs Neck,2013,1205.25352,63801.04534,22.668973780798556
Pelham Parkway,2013,1149.48636,49023.88605,28.136970426888468
Morrisania,2013,925.27961,27609.29661,40.21600215623892
East Tremont,2013,925.27961,27609.29661,40.21600215623892
Bedford Park,2013,1113.06699,33083.58313,40.37290588360766
University Heights,2013,1018.60425,27611.57282,44.26857926451145
Concourse/Highbridge,2013,1077.78572,30031.1847,43.066661436103786
Unionport/Soundview,2013,1081.20004,36832.50201,35.22541172054361
Mott Haven,2013,827.40256,26270.88477,37.79404769548612
Hunts Point,2013,827.40256,26270.88477,37.79404769548612
Washington Heights,2013,1135.8291,42635.70097,31.968394772236813
Manhattanville,2013,1265.5731,51897.60194,29.263157896116077
Central Harlem,2013,902.51751,42015.43357,25.776742496197926
East Harlem,2013,909.34614,30661.69504,35.58887943332699
Upper East Side,2013,2143.05229,122562.56038,20.982449616152515
Upper West Side,2013,1968.92218,112983.12802,20.912030472211388
Chelsea/Clinton,2013,2276.21061,114533.22745,23.84856161669266
Midtown Business District,2013,2276.21061,114533.22745,23.84856161669266
Murray Hill/Stuyvesant,2013,2276.21061,123003.00713,22.206389873974132
Lower East Side,2013,989.01351,45675.58024,25.983604494216273
Battery Park/Tribeca,2013,2276.21061,142617.11397,19.152348943020755
Greenwich Village,2013,2276.21061,142617.11397,19.152348943020755
Tottenville,2013,1174.52468,96926.73837,14.541184813418168
South Beach,2013,1237.12047,78143.4484,18.997684315144713
St. George,2013,1081.20004,69106.89227,18.77439435318425
Williamsburg/Greenpoint,2013,1346.37858,59658.34202,27.081783390131164
Bushwick,2013,1255.33015,49341.41743,30.530054839569697
Bedford Stuyvesant,2013,1037.95204,42331.82685,29.423309615564108
Fort Greene/Brooklyn Hts,2013,1602.45227,86541.52745,22.219884264360765
Park Slope,2013,2063.38492,115846.60097,21.37362584027138
Crown Heights North,2013,1136.9672,44424.80251,30.711687231313707
Brownsville,2013,878.6173,31790.69551,33.16507371373329
East New York,2013,1193.87247,42045.02431,34.07411429797315
Canarsie,2013,1325.89268,75437.03398,21.091380878280923
East Flatbush,2013,1251.91584,48558.40098,30.937983493706056
Crown Heights South,2013,1195.01057,52687.44703,27.21734995403135
Sunset Park,2013,1332.72131,51300.09666,31.17470874566574
Bay Ridge,2013,1337.27373,66716.87113,24.052813760902158
Borough Park,2013,1325.89268,46174.07036,34.4581104415331
Flatbush/Midwood,2013,1246.22531,48155.5117,31.05501985559838
Sheepshead Bay,2013,1233.70615,58116.20933,25.473915058595924
Bensonhurst,2013,1238.25857,53800.51401,27.61888638691837
Coney Island,2013,985.59919,35110.54868,33.68557520360574
Astoria,2013,1476.12258,57997.84638,30.54160122419359
Jackson Heights,2013,1402.14574,55973.15704,30.060389246895337
Flushing,2013,1388.48847,57462.93689,28.99584069623073
Bayside,2013,1630.9049,82123.40265,23.831037400396855
Queens Village,2013,1421.49353,87503.22644,19.494049595641403
Fresh Meadows/Briarwood,2013,1358.89774,65476.33635,24.904834004201277
Elmhurst/Corona,2013,1401.00763,52909.37756,31.7752586314871
Rego Park/Forest Hills,2013,1553.51374,70168.74452,26.56761925487562
Sunnyside/Woodside,2013,1505.71332,70375.87969,25.67436445496743
Ridgewood/Glendale,2013,1300.85436,66651.99913,23.420531302524488
Woodhaven,2013,1385.07416,71168.00098,23.354442574087315
Jamaica/St. Albans,2013,1282.64468,58554.37988,26.28622520047769
Howard Beach,2013,1336.13563,71326.19762,22.479296660984687
The Rockaways,2013,1142.65773,53184.79904,25.78160114826674
Bronx,2013,1076.64762,37567.71804,34.3906207618034
Brooklyn,2013,1248.50152,54082.76413,27.702020192583674
Manhattan,2013,1610.41901,82159.82202,23.52126336799482
Queens,2013,1387.35037,64415.6222,25.844979636011345
Staten Island,2013,1144.93394,79249.68676,17.336607678473047
New York City,2013,1280.36847,59435.27338,25.850678841447266
Riverdale,2014,1196.25983,60907.03559,23.568899423430302
Williamsbridge,2014,1222.09455,50440.60453,29.07406589720348
Throgs Neck,2014,1177.1646,61735.99311,22.881263406309202
Pelham Parkway,2014,1225.46429,53814.84352,27.32623662565283
Morrisania,2014,900.84543,24757.52382,43.664080618867004
East Tremont,2014,900.84543,24757.52382,43.664080618867004
Bedford Park,2014,1168.17861,39869.71135,35.15988163781878
University Heights,2014,1062.59324,23444.44613,54.38865481954552
Concourse/Highbridge,2014,1009.80055,30555.73342,39.65739075360738
Unionport/Soundview,2014,1141.22064,40502.10035,33.81219137194696
Mott Haven,2014,822.21802,23718.5188,41.598787526310446
Hunts Point,2014,822.21802,23718.5188,41.598787526310446
Washington Heights,2014,1205.24582,50722.53995,28.51385173979246
Manhattanville,2014,1260.285,47440.40735,31.878773486121847
Central Harlem,2014,981.71933,45563.45883,25.855438244831774
East Harlem,2014,909.83142,35202.61315,31.01467778394173
Upper East Side,2014,2246.49733,129440.92962,20.826463498941614
Upper West Side,2014,1909.52273,119267.66646,19.21247680961796
Chelsea/Clinton,2014,2246.49733,110708.51164,24.350402295770582
Midtown Business District,2014,2246.49733,110708.51164,24.350402295770582
Murray Hill/Stuyvesant,2014,2246.49733,118643.1402,22.721893498904542
Lower East Side,2014,1067.08623,46464.30426,27.558864732692328
Battery Park/Tribeca,2014,2246.49733,135003.257,19.96838339981679
Greenwich Village,2014,2246.49733,135003.257,19.96838339981679
Tottenville,2014,1222.09455,92912.88304,15.783747226621417
South Beach,2014,1147.96014,80266.22633,17.162288935030336
St. George,2014,1086.18146,64701.36958,20.14513387368701
Williamsburg/Greenpoint,2014,1637.69655,64943.99129,30.26047246194745
Bushwick,2014,1261.40825,45473.59894,33.28722457171761
Bedford Stuyvesant,2014,1087.30471,38952.01719,33.49674153293831
Fort Greene/Brooklyn Hts,2014,1733.17269,94990.89307,21.89480655232248
Park Slope,2014,2145.40495,126977.64529,20.27511168694472
Crown Heights North,2014,1191.76683,50438.35804,28.353821408417918
Brownsville,2014,977.22634,28372.13802,41.33180260061346
East New York,2014,1113.13943,37062.71294,36.04073231666673
Canarsie,2014,1286.11972,69742.50959,22.12916731951515
East Flatbush,2014,1220.9713,47568.4577,30.801199594074706
Crown Heights South,2014,1283.87322,46967.51966,32.80241058401252
Sunset Park,2014,1366.99362,53973.22158,30.392707642410844
Bay Ridge,2014,1356.88439,63683.70629,25.567941359840095
Borough Park,2014,1393.95159,48549.05378,34.45467579203559
Flatbush/Midwood,2014,1283.87322,56517.37981,27.259718500386015
Sheepshead Bay,2014,1256.91526,59214.29985,25.471859260698494
Bensonhurst,2014,1276.01048,53632.87724,28.54988683803084
Coney Island,2014,913.20116,33223.449,32.98397442119871
Astoria,2014,1545.59016,63204.07911,29.344754612626772
Jackson Heights,2014,1432.14205,55724.36625,30.840556396637346
Flushing,2014,1415.29332,58526.87167,29.01832842828245
Bayside,2014,1607.36884,90832.62652,21.23512973144399
Queens Village,2014,1495.04397,85065.86787,21.090160000973842
Fresh Meadows/Briarwood,2014,1416.41657,62142.60912,27.351601551164478
Elmhurst/Corona,2014,1424.27931,50842.72756,33.61611884380186
Rego Park/Forest Hills,2014,1620.84782,68843.91066,28.252569695029
Sunnyside/Woodside,2014,1611.86183,64322.83478,30.070723757986716
Ridgewood/Glendale,2014,1350.14489,71506.00999,22.65786985215059
Woodhaven,2014,1460.22326,68827.06193,25.458996256183795
Jamaica/St. Albans,2014,1260.285,59012.11509,25.62765285896822
Howard Beach,2014,1380.47261,68457.51312,24.19847079598383
The Rockaways,2014,1078.31872,49691.39768,26.04037166217217
Bronx,2014,1086.18146,37866.95898,34.420977736512185
Brooklyn,2014,1276.01048,53877.74545,28.420130857572843
Manhattan,2014,1641.0663,85466.86764,23.041438330171612
Queens,2014,1433.2653,64295.87681,26.750056851740446
Staten Island,2014,1119.87892,79886.56828,16.822035705549773
New York City,2014,1302.96845,59527.68623,26.266133273831432
Riverdale,2015,1319.27758,69235.14898,22.866031478567635
Williamsbridge,2015,1235.13998,53255.73583,27.831142559578826
Throgs Neck,2015,1108.37266,57056.51172,23.311049903069677
Pelham Parkway,2015,1251.9675,51104.05692,29.39807699321888
Morrisania,2015,958.04681,26979.00217,42.612998240475704
East Tremont,2015,958.04681,26979.00217,42.612998240475704
Bedford Park,2015,1204.85044,35830.27778,40.35192071011625
University Heights,2015,1090.42331,27128.20618,48.23422394086212
Concourse/Highbridge,2015,1091.54514,29310.17463,44.68940170214195
Unionport/Soundview,2015,1165.58623,41268.9323,33.892407630812386
Mott Haven,2015,866.05637,27381.74082,37.95476886702925
Hunts Point,2015,866.05637,27381.74082,37.95476886702925
Washington Heights,2015,1254.21117,50828.08559,29.610664783646833
Manhattanville,2015,1317.03391,54614.27762,28.938233020246624
Central Harlem,2015,1083.6923,51652.63407,25.17646550682483
East Harlem,2015,830.15766,33721.22858,29.54190087222498
Upper East Side,2015,2217.86716,114935.32825,23.15598373905544
Upper West Side,2015,1921.7028,113349.05402,20.344619370119382
Chelsea/Clinton,2015,2347.99998,114736.76352,24.557080830581896
Midtown Business District,2015,2347.99998,114736.76352,24.557080830581896
Murray Hill/Stuyvesant,2015,2643.0425,119870.279,26.4590274291428
Lower East Side,2015,1109.4945,47417.70816,28.077978705919808
Battery Park/Tribeca,2015,2852.82559,137034.34957,24.98198968902509
Greenwich Village,2015,2852.82559,137034.34957,24.98198968902509
Tottenville,2015,1189.14476,91101.95052,15.663481449683452
South Beach,2015,1251.9675,82874.41499,18.128164164794182
St. George,2015,1184.65742,62692.60914,22.675542197094142
Williamsburg/Greenpoint,2015,1689.48302,75282.95973,26.930126435930973
Bushwick,2015,1315.91208,48455.40524,32.58861396739399
Bedford Stuyvesant,2015,1226.1653,44361.8305,33.16811645092058
Fort Greene/Brooklyn Hts,2015,1842.05254,97209.21851,22.739232779374802
Park Slope,2015,2208.89248,125050.91154,21.196734540812447
Crown Heights North,2015,1247.48016,51286.91597,29.188266903700118
Brownsville,2015,900.83325,30357.96822,35.608440333231236
East New York,2015,1146.51504,39375.27536,34.94116638985201
Canarsie,2015,1317.03391,77512.04523,20.389614121397376
East Flatbush,2015,1257.57667,56454.0865,26.73131561521237
Crown Heights South,2015,1282.25704,50709.17111,30.34379017283053
Sunset Park,2015,1309.18107,50731.6078,30.967228363694797
Bay Ridge,2015,1429.21738,72221.47289,23.74724285410513
Borough Park,2015,1363.02913,48431.84671,33.77188910003469
Flatbush/Midwood,2015,1339.47061,55706.9446,28.85393811384873
Sheepshead Bay,2015,1338.34877,61037.90299,26.31182339706392
Bensonhurst,2015,1284.50071,56124.2671,27.464070920580447
Coney Island,2015,1079.20496,45189.74449,28.65796137189002
Astoria,2015,1585.1524,64705.18055,29.397690630507018
Jackson Heights,2015,1455.01958,60732.76396,28.749284276769803
Flushing,2015,1469.60343,56879.26184,31.00469413546102
Bayside,2015,1763.52411,88873.98685,23.811567445170827
Queens Village,2015,1566.08121,90920.2133,20.669743105409104
Fresh Meadows/Briarwood,2015,1539.15718,69962.09785,26.399846098954562
Elmhurst/Corona,2015,1476.33444,49063.43964,36.108380109487165
Rego Park/Forest Hills,2015,1650.21881,79573.97737,24.885806107092673
Sunnyside/Woodside,2015,1624.41661,67543.42229,28.859952100600022
Ridgewood/Glendale,2015,1474.09077,69883.56942,25.31222916461041
Woodhaven,2015,1468.48159,67837.34297,25.976517222664448
Jamaica/St. Albans,2015,1286.74438,65419.78924,23.602846691164302
Howard Beach,2015,1437.07022,75510.69217,22.837616957842283
The Rockaways,2015,1208.21595,58710.09603,24.69522685262077
Bronx,2015,1128.56569,39461.65663,34.31885388639346
Brooklyn,2015,1313.66841,57371.74726,27.476975467663316
Manhattan,2015,1709.67605,84782.65578,24.198478345897364
Queens,2015,1490.91829,67783.49491,26.394359723934162
Staten Island,2015,1200.36311,80348.0433,17.92745252826835
New York City,2015,1345.07978,62544.52696,25.80714595590891
Riverdale,2016,1310.76583,64702.55346,24.30999878501549
Williamsbridge,2016,1237.51389,57026.63772,26.040754415356048
Throgs Neck,2016,1266.37071,65926.74881,23.05050498363867
Pelham Parkway,2016,1286.34852,56391.78755,27.373103266700756
Morrisania,2016,968.92343,28648.16903,40.585774078002224
East Tremont,2016,968.92343,28648.16903,40.585774078002224
Bedford Park,2016,1183.12987,37803.55204,37.556149287182166
University Heights,2016,1125.41622,29540.51088,45.71686215874951
Concourse/Highbridge,2016,1085.46061,34960.04479,37.25832560639577
Unionport/Soundview,2016,1196.4484,41571.5876,34.53652272832611
Mott Haven,2016,955.60489,30312.98592,37.82952530728454
Hunts Point,2016,955.60489,30312.98592,37.82952530728454
Washington Heights,2016,1317.4251,57748.05837,27.375987429237615
Manhattanville,2016,1266.37071,54421.75423,27.923481583809277
Central Harlem,2016,1026.63708,50659.26806,24.318639869428857
East Harlem,2016,915.64929,38205.32785,28.759840834607576
Upper East Side,2016,2440.62156,129823.53089,22.559437814717416
Upper West Side,2016,2321.86462,123496.11683,22.561337275368963
Chelsea/Clinton,2016,2415.09437,112708.10339,25.71344168548163
Midtown Business District,2016,2415.09437,112708.10339,25.71344168548163
Murray Hill/Stuyvesant,2016,2723.64043,122531.63292,26.67367142763774
Lower East Side,2016,1082.13098,45734.7397,28.39323421359715
Battery Park/Tribeca,2016,2712.54165,152286.35024,21.37453537280335
Greenwich Village,2016,2712.54165,152286.35024,21.37453537280335
Tottenville,2016,1235.29413,99923.41956,14.834890184176558
South Beach,2016,1271.9201,91179.80126,16.739498210220162
St. George,2016,1223.08547,72780.245,20.166221809228592
Williamsburg/Greenpoint,2016,1812.43065,77347.39267,28.11881182962699
Bushwick,2016,1419.53387,53751.38796,31.691100614325418
Bedford Stuyvesant,2016,1296.33742,57086.57113,27.24992714061438
Fort Greene/Brooklyn Hts,2016,1917.86906,96544.95116,23.838044810711157
Park Slope,2016,2118.75696,115286.34981,22.05385421769561
Crown Heights North,2016,1357.3807,57590.45571,28.283451136455678
Brownsville,2016,1000.00001,33526.08251,35.793028059334695
East New York,2016,1154.27304,42042.17584,32.94614563412187
Canarsie,2016,1399.55606,83674.80672,20.071361235646247
East Flatbush,2016,1325.19424,56887.90298,27.953800451373223
Crown Heights South,2016,1329.63376,56380.68877,28.299769775941318
Sunset Park,2016,1417.31411,59117.64773,28.769360712180692
Bay Ridge,2016,1510.54386,73884.57354,24.533573723866148
Borough Park,2016,1465.03886,50827.9695,34.58817358423102
Flatbush/Midwood,2016,1315.20534,56214.20708,28.07557893245659
Sheepshead Bay,2016,1334.07327,66759.15725,23.980049927907082
Bensonhurst,2016,1350.72144,56695.8941,28.588767383068753
Coney Island,2016,1024.41733,43521.64312,28.24573494641532
Astoria,2016,1613.7625,67043.286,28.884547812886147
Jackson Heights,2016,1509.43398,58912.32032,30.74604371651407
Flushing,2016,1568.25751,56653.71874,33.21774905256643
Bayside,2016,1731.40956,87807.99212,23.661758136555374
Queens Village,2016,1497.22532,89399.55707,20.097083731558136
Fresh Meadows/Briarwood,2016,1596.00446,73964.48475,25.893580662035237
Elmhurst/Corona,2016,1426.19314,46863.48555,36.519515096119434
Rego Park/Forest Hills,2016,1658.15762,78319.64573,25.40600286752599
Sunnyside/Woodside,2016,1651.49835,69117.64785,28.67282208880898
Ridgewood/Glendale,2016,1522.75251,82916.7601,22.037800437405174
Woodhaven,2016,1520.53276,73841.2883,24.710285451506675
Jamaica/St. Albans,2016,1267.48059,66694.78433,22.805032256710497
Howard Beach,2016,1530.52166,80441.73233,22.831755841178563
The Rockaways,2016,1094.33964,49237.51443,26.670874498893742
Bronx,2016,1145.39402,41648.16918,33.00199867273014
Brooklyn,2016,1361.82022,61209.76762,26.698096195124883
Manhattan,2016,1760.26639,86081.02207,24.538738239914114
Queens,2016,1508.3241,69042.17615,26.21569917013689
Staten Island,2016,1238.62377,85679.24626,17.347824460191507
New York City,2016,1370.69924,65322.97522,25.180100607181128
Riverdale,2017,1397.72476,58767.57693,28.54073282616112
Williamsbridge,2017,1383.57334,63978.5648,25.950691660404356
Throgs Neck,2017,1224.64202,64793.90424,22.68068950678808
Pelham Parkway,2017,1276.89341,52270.98709,29.314007201772164
Morrisania,2017,998.21932,28272.3578,42.36870488389192
East Tremont,2017,998.21932,28272.3578,42.36870488389192
Bedford Park,2017,1230.08487,38486.41652,38.353839548374765
University Heights,2017,1126.67066,32837.82325,41.17218068039878
Concourse/Highbridge,2017,1107.07639,33636.83413,39.495145793615144
Unionport/Soundview,2017,1175.65634,43548.2702,32.395950551441196
Mott Haven,2017,927.46222,22822.97296,48.76466645912374
Hunts Point,2017,927.46222,22822.97296,48.76466645912374
Washington Heights,2017,1256.21057,61375.79229,24.56103013509465
Manhattanville,2017,1250.76772,54480.78558,27.549552526110986
Central Harlem,2017,1063.53356,53404.18917,23.8977558097059
East Harlem,2017,912.22223,40026.74404,27.348381744617168
Upper East Side,2017,2500.44686,142981.58217,20.98547369851083
Upper West Side,2017,1969.22437,134867.37629,17.521429637059043
Chelsea/Clinton,2017,2211.97563,111013.5269,23.910336245699444
Midtown Business District,2017,2211.97563,111013.5269,23.910336245699444
Murray Hill/Stuyvesant,2017,2597.32965,122336.83915,25.477162902487827
Lower East Side,2017,1127.75923,43089.98195,31.406628983282737
Battery Park/Tribeca,2017,2696.38958,157709.94352,20.51657253678281
Greenwich Village,2017,2696.38958,157709.94352,20.51657253678281
Tottenville,2017,1276.89341,105369.2879,14.541923197338036
South Beach,2017,1353.09336,88704.35931,18.304760269171492
St. George,2017,1157.15064,68438.43889,20.289486296317243
Williamsburg/Greenpoint,2017,2016.03291,83393.22294,29.010025116076893
Bushwick,2017,1461.95043,55142.63656,31.8145925810262
Bedford Stuyvesant,2017,1244.23629,56504.43848,26.424181677842597
Fort Greene/Brooklyn Hts,2017,1986.6415,100760.27963,23.65981722911183
Park Slope,2017,2340.42697,146743.68245,19.138897955330684
Crown Heights North,2017,1288.86769,65430.71809,23.63784584898784
Brownsville,2017,888.27368,22047.91063,48.346005836472315
East New York,2017,1215.93345,40044.16117,36.43777513045106
Canarsie,2017,1390.10476,83435.6772,19.992954668557537
East Flatbush,2017,1284.51341,53719.87467,28.693590621141336
Crown Heights South,2017,1283.42484,55595.48196,27.702067752701247
Sunset Park,2017,1440.17901,61816.66342,27.95710276787372
Bay Ridge,2017,1461.95043,74761.94599,23.46568822907121
Borough Park,2017,1374.86477,49381.9205,33.409752137930724
Flatbush/Midwood,2017,1395.54762,61612.01213,27.18069230504126
Sheepshead Bay,2017,1408.61046,66701.08008,25.341906757321585
Bensonhurst,2017,1373.7762,58230.91159,28.31024613880684
Coney Island,2017,1041.76214,39316.99596,31.795780361038556
Astoria,2017,1704.70169,72261.49913,28.308878899949836
Jackson Heights,2017,1547.94751,61614.18927,30.14787720179313
Flushing,2017,1544.6818,55826.25895,33.203338265244795
Bayside,2017,1833.15303,76368.67632,28.804789371789912
Queens Village,2017,1556.65608,93461.41319,19.986722137429304
Fresh Meadows/Briarwood,2017,1502.22754,69673.96661,25.872978613238168
Elmhurst/Corona,2017,1508.75897,56596.96699,31.98953690080063
Rego Park/Forest Hills,2017,1740.62452,82129.39238,25.43242271093008
Sunnyside/Woodside,2017,1611.08461,73325.03269,26.3661871133903
Ridgewood/Glendale,2017,1509.84754,77543.24409,23.365246956873868
Woodhaven,2017,1512.02468,76108.50792,23.840036621230347
Jamaica/St. Albans,2017,1284.51341,67132.15407,22.960921086976228
Howard Beach,2017,1543.59323,80435.57639,23.028514982212332
The Rockaways,2017,1218.1106,58795.87977,24.861142068424908
Bronx,2017,1160.41635,40709.27786,34.205952382374186
Brooklyn,2017,1363.97907,61985.39187,26.405816509682733
Manhattan,2017,1657.89315,92605.79664,21.483231635423035
Queens,2017,1532.70752,70222.60624,26.19169413499114
Staten Island,2017,1243.14772,86215.88672,17.302811822196844
New York City,2017,1374.86477,66271.09466,24.89528402185593
Battery Park/Tribeca,2018,2743.13463,158255.79521,20.800259173017615
Greenwich Village,2018,2743.13463,158255.79521,20.800259173017615
Lower East Side,2018,1156.85935,51675.1873,26.864560972766903
Chelsea/Clinton,2018,2178.05744,107973.5392,24.20656901093782
Midtown Business District,2018,2178.05744,107973.5392,24.20656901093782
Murray Hill/Stuyvesant,2018,2535.90406,144097.88772,21.11817820614477
Upper West Side,2018,2322.26429,130130.11963,21.41485119604512
Upper East Side,2018,2400.2428,129997.66297,22.156485695167415
Manhattanville,2018,1538.20634,64114.36284,28.78992360270955
Central Harlem,2018,1135.49537,50961.63047,26.737654023886257
East Harlem,2018,1039.35748,34775.21338,35.86545860613782
Washington Heights,2018,1317.08918,57677.39661,27.402537369829457
Mott Haven,2018,889.80964,27483.68807,38.85110198021542
Hunts Point,2018,889.80964,27483.68807,38.85110198021542
Morrisania,2018,1007.31151,28275.22341,42.750283330122066
Concourse/Highbridge,2018,1130.15438,35657.54563,38.03361201784431
University Heights,2018,1139.76817,32542.6778,42.028557465544516
East Tremont,2018,1007.31151,28275.22341,42.750283330122066
Bedford Park,2018,1219.88308,36691.56211,39.89635795857916
Riverdale,2018,1318.15737,58346.08908,27.110451941880182
Unionport/Soundview,2018,1195.31451,46438.87656,30.887427049333425
Throgs Neck,2018,1180.35972,58703.9357,24.128393558457784
Pelham Parkway,2018,1313.88458,58134.58571,27.120886418027588
Williamsbridge,2018,1337.38495,54759.07736,29.307687736395415
Williamsburg/Greenpoint,2018,1913.14413,86158.7824,26.645837975537596
Fort Greene/Brooklyn Hts,2018,2174.85285,115836.55089,22.530223836501527
Bedford Stuyvesant,2018,1381.18111,58746.66365,28.212961026596105
Bushwick,2018,1556.36572,57000.15854,32.76550297117823
East New York,2018,1224.15588,44193.52259,33.23987249507915
Park Slope,2018,2198.35322,131010.31548,20.136001156357185
Sunset Park,2018,1603.36647,66717.56343,28.83857960458494
Crown Heights North,2018,1388.6585,69979.8427,23.812431347462866
Crown Heights South,2018,1458.09142,66595.78876,26.273578803994035
Bay Ridge,2018,1457.02322,77339.73274,22.607110240189847
Bensonhurst,2018,1404.68148,58171.97267,28.976458913680496
Borough Park,2018,1525.38795,53998.51979,33.898439200160894
Coney Island,2018,1156.85935,42481.19985,32.678719643084655
Flatbush/Midwood,2018,1354.47613,66376.808,24.487037038599386
Sheepshead Bay,2018,1399.34049,65912.1415,25.47646836812304
Brownsville,2018,968.85635,34660.91611,33.54289933682887
East Flatbush,2018,1313.88458,62047.39808,25.410598103842357
Canarsie,2018,1443.13664,77979.58385,22.207914975940206
Astoria,2018,1736.89132,72043.60287,28.930668386490705
Sunnyside/Woodside,2018,1757.1871,75907.27809,27.77895049141262
Jackson Heights,2018,1552.09292,65398.33786,28.479492980190553
Elmhurst/Corona,2018,1625.79864,57006.56773,34.22339645565607
Ridgewood/Glendale,2018,1587.34348,81960.76094,23.240537961750167
Rego Park/Forest Hills,2018,1821.27903,87029.36446,25.112613995986433
Flushing,2018,1545.68373,56790.79157,32.66058501251491
Fresh Meadows/Briarwood,2018,1498.68298,75112.53815,23.943000999494256
Woodhaven,2018,1646.09442,76692.40424,25.756309553400957
Howard Beach,2018,1627.93504,80745.15065,24.193676428542275
Bayside,2018,1889.64376,92226.15183,24.587088011433078
Jamaica/St. Albans,2018,1298.92979,68611.47998,22.71800212521811
Queens Village,2018,1523.25155,97641.91998,18.72046207586259
The Rockaways,2018,1243.38345,64786.25992,23.03050279245075
St. George,2018,1173.95053,78136.60908,18.029201069599324
South Beach,2018,1249.79265,96545.94796,15.534066542299243
Tottenville,2018,1292.5206,92810.4566,16.711745387534275
Bronx,2018,1162.20034,41090.40495,33.94078032808485
Brooklyn,2018,1421.77266,65395.13326,26.08951319384466
Manhattan,2018,1787.09667,90867.4029,23.60049847974691
Queens,2018,1583.07069,74047.5439,25.65493368106163
Staten Island,2018,1231.63327,87769.62625,16.839081891384946
New York City,2018,1428.18186,68150.01808,25.147729674674213
Riverdale,2019,1356.62118,64361.21908,25.293887208327874
Williamsbridge,2019,1290.4189,63289.37276,24.467025228265197
Throgs Neck,2019,1213.70833,64131.08737,22.710514599528143
Pelham Parkway,2019,1352.41786,61162.49339,26.534258857820575
Morrisania,2019,1031.91479,24804.83569,49.92162671326287
East Tremont,2019,1031.91479,24804.83569,49.92162671326287
Bedford Park,2019,1256.79235,43437.09757,34.7203405469156
University Heights,2019,1163.26851,33652.82199,41.48009377682506
Concourse/Highbridge,2019,1125.43864,34213.96506,39.472956894403275
Unionport/Soundview,2019,1183.23427,46210.23722,30.72654912460542
Mott Haven,2019,895.30693,26348.50456,40.77530523804422
Hunts Point,2019,895.30693,26348.50456,40.77530523804422
Washington Heights,2019,1277.80895,56226.74617,27.271198218796023
Manhattanville,2019,1534.2114,71845.22839,25.62527423541815
Central Harlem,2019,1168.52266,57724.17853,24.29185183243872
East Harlem,2019,915.27269,34055.28977,32.251295919600096
Upper East Side,2019,2404.29841,141088.60238,20.4492641030583
Upper West Side,2019,2043.86382,143685.20263,17.069514042553983
Chelsea/Clinton,2019,2052.27046,126360.17293,19.48972128555317
Midtown Business District,2019,2052.27046,126360.17293,19.48972128555317
Murray Hill/Stuyvesant,2019,2849.85022,162354.24355,21.06394134962541
Lower East Side,2019,1024.55898,43401.36936,28.32792591869503
Battery Park/Tribeca,2019,2879.27345,170331.092,20.28477654567024
Greenwich Village,2019,2879.27345,170331.092,20.28477654567024
Tottenville,2019,1391.29856,113515.88119,14.707706573721923
South Beach,2019,1297.77471,86261.56141,18.053575967608957
St. George,2019,1161.16685,79001.37883,17.637669628506153
Williamsburg/Greenpoint,2019,2011.2881,103279.74882,23.369012295008794
Bushwick,2019,1671.87009,69643.74011,28.80724247191784
Bedford Stuyvesant,2019,1406.01017,64296.06764,26.241296955310972
Fort Greene/Brooklyn Hts,2019,2266.63972,117215.85266,23.204776506550047
Park Slope,2019,2361.2144,163141.31502,17.36811597756606
Crown Heights North,2019,1506.88983,78212.2057,23.120020459926753
Brownsville,2019,1066.59217,32938.25777,38.85787198999141
East New York,2019,1188.48842,48328.70994,29.51012153584499
Canarsie,2019,1388.14607,84561.31891,19.699022028889026
East Flatbush,2019,1377.63777,63990.27619,25.834633360409633
Crown Heights South,2019,1381.84109,70091.39358,23.657816221150956
Sunset Park,2019,1503.73734,71320.86436,25.30093857095817
Bay Ridge,2019,1638.24354,80460.98132,24.432864423831514
Borough Park,2019,1547.87219,57870.24386,32.096747898514906
Flatbush/Midwood,2019,1473.26328,68933.37922,25.646732482934265
Sheepshead Bay,2019,1414.41681,78945.68485,21.499593995858532
Bensonhurst,2019,1428.0776,60043.35973,28.54092655217913
Coney Island,2019,1084.45628,42780.32899,30.419297063007463
Astoria,2019,1782.20722,83204.69773,25.70346052983612
Jackson Heights,2019,1629.83691,70616.80844,27.69601650380109
Flushing,2019,1582.54957,57725.22936,32.8982579204082
Bayside,2019,1885.18853,97393.0007,23.227811236336617
Queens Village,2019,1746.47901,99607.09893,21.04041614014709
Fresh Meadows/Briarwood,2019,1568.88878,75834.17803,24.826095368966975
Elmhurst/Corona,2019,1618.27778,70555.86032,27.52334571774093
Rego Park/Forest Hills,2019,1799.02049,93691.9784,23.041722726606444
Sunnyside/Woodside,2019,1830.54538,85025.78565,25.83515623180837
Ridgewood/Glendale,2019,1688.68337,76480.43831,26.495926131937985
Woodhaven,2019,1604.61699,80890.77067,23.804203768256667
Jamaica/St. Albans,2019,1275.70729,69085.74953,22.15867611503932
Howard Beach,2019,1684.48005,88540.81108,22.829879637917585
The Rockaways,2019,1250.48737,57831.36316,25.947595941122547
Bronx,2019,1179.03095,43537.97722,32.49662088917782
Brooklyn,2019,1459.60249,70339.38939,24.901026340854333
Manhattan,2019,1764.34311,98411.2547,21.51391869206602
Queens,2019,1637.19271,77441.94751,25.369083748136745
Staten Island,2019,1229.47078,94386.57685,15.63108850048311
New York City,2019,1455.39917,72934.93882,23.945711510230073
Riverdale,2021,1356.0,62243.0,26.14269877737256
Williamsbridge,2021,1271.0,61528.0,24.788714081393838
Throgs Neck,2021,1307.0,57007.0,27.51241075657375
Pelham Parkway,2021,1363.0,57394.0,28.49775237829738
Morrisania,2021,483.0,14749.82995,39.29536828321197
East Tremont,2021,504.0,15398.17005,39.27739452390318
Bedford Park,2021,1310.0,37648.0,41.755206119847
University Heights,2021,1144.0,34894.0,39.34200722187195
Concourse/Highbridge,2021,1119.0,41636.0,32.2509366894034
Unionport/Soundview,2021,1179.0,39322.0,35.979858603326385
Mott Haven,2021,599.0,19204.80293,37.4281372539968
Hunts Point,2021,342.0,10966.19707,37.42409491461017
Washington Heights,2021,1234.0,54717.0,27.06288721969406
Manhattanville,2021,1367.0,53592.0,30.609046126287502
Central Harlem,2021,1140.0,45230.0,30.245412336944504
East Harlem,2021,1079.0,41341.0,31.319997097312598
Upper East Side,2021,2399.0,130527.0,22.05520696867315
Upper West Side,2021,2157.0,113828.0,22.739571985803142
Chelsea/Clinton,2021,1569.0,61873.15741,30.42999709104388
Midtown Business District,2021,786.0,30966.84259,30.458384553050422
Murray Hill/Stuyvesant,2021,2360.0,117596.0,24.082451784074287
Lower East Side,2021,1123.0,49685.0,27.1228741068733
Battery Park/Tribeca,2021,1246.0,57565.11553,25.97406408783768
Greenwich Village,2021,1840.0,84977.88447,25.98323097557809
Tottenville,2021,1249.0,103200.0,14.52325581395349
South Beach,2021,1398.0,81111.0,20.682768058586383
St. George,2021,1279.0,72727.0,21.103579138421768
Williamsburg/Greenpoint,2021,2249.0,101442.0,26.604365055894007
Bushwick,2021,1753.0,70582.0,29.803632654217786
Bedford Stuyvesant,2021,1720.0,68618.0,30.07957095805765
Fort Greene/Brooklyn Hts,2021,2369.0,120556.0,23.580742559474434
Park Slope,2021,2350.0,144733.0,19.48415357934956
Crown Heights North,2021,1604.0,73101.0,26.330693150572493
Brownsville,2021,971.0,38285.0,30.434896173436073
East New York,2021,1193.0,52670.0,27.18055819251946
Canarsie,2021,1508.0,76340.0,23.704479958082263
East Flatbush,2021,1385.0,60811.0,27.33058163819046
Crown Heights South,2021,1409.0,62958.0,26.855999237586964
Sunset Park,2021,1516.0,58841.0,30.917217586376843
Bay Ridge,2021,1515.0,73633.0,24.690016704466746
Borough Park,2021,1515.0,57754.0,31.4783391626554
Flatbush/Midwood,2021,1432.0,66097.0,25.99815422787721
Sheepshead Bay,2021,1440.0,64106.0,26.955355192961655
Bensonhurst,2021,1424.0,55977.0,30.526823516801542
Coney Island,2021,1118.0,41541.0,32.295804145302235
Astoria,2021,1706.0,73539.0,27.838289886998734
Jackson Heights,2021,1596.0,65860.0,29.079866383237167
Flushing,2021,1553.0,60896.0,30.60299527062533
Bayside,2021,2013.0,86731.0,27.851633210732036
Queens Village,2021,1621.0,97288.0,19.994243894416577
Fresh Meadows/Briarwood,2021,1584.0,74493.0,25.516491482421166
Elmhurst/Corona,2021,1616.0,63453.0,30.561202780010397
Rego Park/Forest Hills,2021,1733.0,88917.0,23.388103512264248
Sunnyside/Woodside,2021,1778.0,80708.0,26.436041036824104
Ridgewood/Glendale,2021,1667.0,69726.0,28.68944152826779
Woodhaven,2021,1643.0,75207.0,26.215644820295985
Jamaica/St. Albans,2021,1433.0,68682.0,25.037127631693895
Howard Beach,2021,1709.0,82604.0,24.826884896615177
The Rockaways,2021,1263.0,51643.0,29.347636659373006
Bronx,2021,1174.0,43011.0,32.754411662132945
Brooklyn,2021,1525.0,67567.0,27.08422750751106
Manhattan,2021,1789.0,84435.0,25.425475217623024
Queens,2021,1630.0,73262.0,26.698697824247226
Staten Island,2021,1306.0,86054.0,18.211820484811863
New York City,2021,1385.0,67997.0,24.44225480535906
